scope,controller,condition,contrast,metric,n_scene_blocks,n_available,n_missing_or_censored,mean,sample_sd,median,minimum,maximum,bootstrap_mean_ci95_lower,bootstrap_mean_ci95_upper,inference_label
raw_arm,DREAM,empty_shadow,,collision_incidence,5,5,0,0.0,0.0,0.0,0.0,0.0,0.0,0.0,scene_block_bootstrap_ci
raw_arm,DREAM,empty_shadow,,ego_maximum_speed_loss_mps,5,5,0,5.134716995082152,0.16394731272223087,5.213783846466441,4.865868388251204,5.258350188046919,4.989576480046347,5.243559046598053,scene_block_bootstrap_ci
raw_arm,DREAM,empty_shadow,,ego_mean_speed_mps,5,5,0,30.092933061105555,0.28710729915242955,30.14509111408529,29.773815868041957,30.490227640919915,29.8753956573213,30.305242721048067,scene_block_bootstrap_ci
raw_arm,DREAM,empty_shadow,,ego_minimum_speed_mps,5,5,0,27.798483222599412,0.24847979393655273,27.75805371557423,27.472317583218846,28.12660784375364,27.610477944021376,28.003052100342256,scene_block_bootstrap_ci
raw_arm,DREAM,empty_shadow,,ego_peak_deceleration_mps2,5,5,0,-2.551540876853977,0.023782463622375558,-2.5553972991392726,-2.5764495069689985,-2.523668752674979,-2.5703425428093425,-2.5327392108986118,scene_block_bootstrap_ci
raw_arm,DREAM,empty_shadow,,low_level_deadline_miss_fraction,5,5,0,0.0,0.0,0.0,0.0,0.0,0.0,0.0,scene_block_bootstrap_ci
raw_arm,DREAM,empty_shadow,,low_level_maximum_time_s,5,5,0,0.002258020000000016,0.000562538129375188,0.0021751999999999327,0.0016243999999971948,0.0028879000000010535,0.0018141199999995195,0.0027019200000005126,scene_block_bootstrap_ci
raw_arm,DREAM,empty_shadow,,low_level_mean_time_s,5,5,0,0.0013041456666666445,7.778178172865926e-05,0.001302448333333217,0.001224685000000155,0.0014106516666667623,0.0012446483333333565,0.0013636429999999322,scene_block_bootstrap_ci
raw_arm,DREAM,empty_shadow,,low_level_p95_time_s,5,5,0,0.001796239000000028,0.00032034326466638853,0.0018517749999992002,0.0014005250000013625,0.0022572149999993125,0.0015691609999998767,0.0020486649999996403,scene_block_bootstrap_ci
raw_arm,DREAM,empty_shadow,,low_level_stale_plan_fallback_time_s,5,5,0,0.0,0.0,0.0,0.0,0.0,0.0,0.0,scene_block_bootstrap_ci
raw_arm,DREAM,empty_shadow,,low_level_wall_clock_effective_control_rate_hz,5,5,0,9.999381011242964,0.0009546538203031468,9.999337210598556,9.997950420163864,10.000287674942115,9.99864671549837,10.000070047345453,scene_block_bootstrap_ci
raw_arm,DREAM,empty_shadow,,maximum_follower_hard_brake_time_s,5,5,0,0.0,0.0,0.0,0.0,0.0,0.0,0.0,scene_block_bootstrap_ci
raw_arm,DREAM,empty_shadow,,maximum_follower_speed_loss_mps,5,5,0,2.013816044658887,0.4843234360990298,2.206854026368301,1.4081816406591656,2.545599074515845,1.6265980807457239,2.38110629944181,scene_block_bootstrap_ci
raw_arm,DREAM,empty_shadow,,minimum_follower_peak_deceleration_mps2,5,5,0,-1.7147282956038776,0.31695856307849357,-1.8425754019181533,-2.043343004859552,-1.3475418313150587,-1.9592289192898065,-1.470227671917949,scene_block_bootstrap_ci
raw_arm,DREAM,empty_shadow,,minimum_oriented_box_clearance_m,5,5,0,1.1634466443251126,0.06152107160093553,1.174875494923185,1.0657525628904405,1.219663084855468,1.1108399535255582,1.2064036860732426,scene_block_bootstrap_ci
raw_arm,DREAM,empty_shadow,,near_collision_incidence,5,5,0,0.0,0.0,0.0,0.0,0.0,0.0,0.0,scene_block_bootstrap_ci
raw_arm,DREAM,empty_shadow,,physics_control_loop_deadline_miss_fraction,5,5,0,0.0,0.0,0.0,0.0,0.0,0.0,0.0,scene_block_bootstrap_ci
raw_arm,DREAM,empty_shadow,,physics_control_loop_maximum_cycle_time_s,5,5,0,0.01698188000000016,0.0025246526071914834,0.015753700000001203,0.014610099999998738,0.02033619999999914,0.015084060000000222,0.019043599999999827,scene_block_bootstrap_ci
raw_arm,DREAM,empty_shadow,,physics_control_loop_mean_cycle_time_s,5,5,0,0.011200059333333321,0.00029174435636338404,0.011099663333333195,0.010946898333333415,0.011637750833333167,0.010986429666666709,0.011445847333333264,scene_block_bootstrap_ci
raw_arm,DREAM,empty_shadow,,physics_control_loop_p95_cycle_time_s,5,5,0,0.014274715999999863,0.001308347701766199,0.013945024999998345,0.013104710000002484,0.016473065000000096,0.013448025000000145,0.015453994999999734,scene_block_bootstrap_ci
raw_arm,DREAM,empty_shadow,,planner_completed_requests,5,5,0,14.2,0.4472135954999579,14.0,14.0,15.0,14.0,14.6,scene_block_bootstrap_ci
raw_arm,DREAM,empty_shadow,,planner_dropped_request_fraction,5,5,0,0.7601694915254237,0.005684918586863857,0.7627118644067796,0.75,0.7627118644067796,0.7550847457627119,0.7627118644067796,scene_block_bootstrap_ci
raw_arm,DREAM,empty_shadow,,planner_dropped_requests,5,5,0,45.0,0.0,45.0,45.0,45.0,45.0,45.0,scene_block_bootstrap_ci
raw_arm,DREAM,empty_shadow,,planner_maximum_total_s,5,5,0,0.55197774,0.03134937556001714,0.5424047,0.5258146,0.6064893,0.5325247799999999,0.58051272,scene_block_bootstrap_ci
raw_arm,DREAM,empty_shadow,,planner_mean_total_s,5,5,0,0.4337504814285714,0.007575767880266534,0.4354195928571428,0.42537137142857145,0.4419140142857142,0.42777551,0.4397254528571429,scene_block_bootstrap_ci
raw_arm,DREAM,empty_shadow,,planner_p95_total_s,5,5,0,0.537853045,0.017060104809028857,0.533975525,0.523641715,0.565330975,0.526073361,0.5524619869999999,scene_block_bootstrap_ci
raw_arm,DREAM,empty_shadow,,planner_simulated_time_effective_rate_hz,5,5,0,2.3666666666666667,0.07453559924999292,2.3333333333333335,2.3333333333333335,2.5,2.3333333333333335,2.4333333333333336,scene_block_bootstrap_ci
raw_arm,DREAM,empty_shadow,,planner_wall_clock_effective_rate_hz,5,5,0,2.366523194873165,0.0746562448611395,2.3331786824729965,2.3328550980382348,2.5000719187355287,2.333015113846754,2.4333452062651304,scene_block_bootstrap_ci
raw_arm,DREAM,empty_shadow,,real_time_factor,5,5,0,0.9999381011242964,9.54653820303395e-05,0.9999337210598557,0.9997950420163864,1.0000287674942114,0.9998636202200375,1.0000070047345453,scene_block_bootstrap_ci
raw_arm,DREAM,empty_shadow,,traffic_hard_braking_actor_count,5,5,0,0.2,0.4472135954999579,0.0,0.0,1.0,0.0,0.6,scene_block_bootstrap_ci
raw_arm,DREAM,empty_shadow,,traffic_maximum_follower_disturbance_amplification,5,5,0,3.4482163201610887,2.070184016030653,3.584327530988397,1.4003345509093141,6.41459846165449,1.9105906416587697,5.017123288443342,scene_block_bootstrap_ci
raw_arm,DREAM,empty_shadow,,traffic_maximum_speed_loss_mps,5,5,0,2.3401517549960182,0.12436270811058259,2.317205627265011,2.206854026368301,2.545599074515845,2.2523980888238326,2.453579454075694,scene_block_bootstrap_ci
raw_arm,DREAM,empty_shadow,,traffic_peak_deceleration_mps2,5,5,0,-2.2076799310530375,0.6758691138592902,-1.9334415924058872,-3.4059904871877693,-1.8130491688938257,-2.8169709292750165,-1.8489381468059691,scene_block_bootstrap_ci
raw_arm,DREAM,empty_shadow,,traffic_total_integrated_speed_deficit_vehicle_m,5,5,0,62.693847040405046,9.703023178851895,61.543950602527374,52.856695389539446,75.6146315945183,55.18001093795533,70.20768314285476,scene_block_bootstrap_ci
raw_arm,DREAM,true_threat,,collision_incidence,5,5,0,0.0,0.0,0.0,0.0,0.0,0.0,0.0,scene_block_bootstrap_ci
raw_arm,DREAM,true_threat,,ego_maximum_speed_loss_mps,5,5,0,5.544887493921079,0.23000933515719113,5.668958662692344,5.179355998354723,5.712008578283182,5.341161097176529,5.7019492909476845,scene_block_bootstrap_ci
raw_arm,DREAM,true_threat,,ego_mean_speed_mps,5,5,0,30.027263885269655,0.2965327860614453,30.11769337355748,29.6468868451481,30.414958722681202,29.800501220654716,30.24033133060102,scene_block_bootstrap_ci
raw_arm,DREAM,true_threat,,ego_minimum_speed_mps,5,5,0,27.388312723760485,0.3395797221355934,27.364267825139184,27.022282453525907,27.8223532224345,27.123477348744576,27.6531480987764,scene_block_bootstrap_ci
raw_arm,DREAM,true_threat,,ego_peak_deceleration_mps2,5,5,0,-2.526820733673233,0.009872965486291558,-2.5302565622290984,-2.5380206246506987,-2.5116771038094754,-2.533642250325798,-2.5191088871773246,scene_block_bootstrap_ci
raw_arm,DREAM,true_threat,,low_level_deadline_miss_fraction,5,5,0,0.0,0.0,0.0,0.0,0.0,0.0,0.0,scene_block_bootstrap_ci
raw_arm,DREAM,true_threat,,low_level_maximum_time_s,5,5,0,0.00291472000000077,0.0004903987071769593,0.0030108000000019786,0.002193999999999363,0.003555800000000886,0.002520720000000409,0.0032958800000006507,scene_block_bootstrap_ci
raw_arm,DREAM,true_threat,,low_level_mean_time_s,5,5,0,0.0014564286666664946,2.593334965181792e-05,0.0014539766666666824,0.0014186266666664042,0.0014902099999996032,0.0014352683333331247,0.0014758933333329635,scene_block_bootstrap_ci
raw_arm,DREAM,true_threat,,low_level_p95_time_s,5,5,0,0.0018258519999996632,0.00010984359122139472,0.0018609949999984995,0.0016800099999993098,0.0019430700000004461,0.0017422610000001446,0.0019094429999991821,scene_block_bootstrap_ci
raw_arm,DREAM,true_threat,,low_level_stale_plan_fallback_time_s,5,5,0,0.0,0.0,0.0,0.0,0.0,0.0,0.0,scene_block_bootstrap_ci
raw_arm,DREAM,true_threat,,low_level_wall_clock_effective_control_rate_hz,5,5,0,9.999647374797346,0.0006023561305989953,9.99946719505629,9.999089416257158,10.000448686797748,9.999182968820012,10.000115527253758,scene_block_bootstrap_ci
raw_arm,DREAM,true_threat,,maximum_follower_hard_brake_time_s,5,5,0,0.0,0.0,0.0,0.0,0.0,0.0,0.0,scene_block_bootstrap_ci
raw_arm,DREAM,true_threat,,maximum_follower_speed_loss_mps,5,5,0,2.0138160446535656,0.4843234361073474,2.206854026368301,1.4081816406325594,2.545599074515845,1.6356651274092164,2.38110629944181,scene_block_bootstrap_ci
raw_arm,DREAM,true_threat,,minimum_follower_peak_deceleration_mps2,5,5,0,-1.7147282956038776,0.31695856307849357,-1.8425754019181533,-2.043343004859552,-1.3475418313150587,-1.9592289192898065,-1.470227671917949,scene_block_bootstrap_ci
raw_arm,DREAM,true_threat,,minimum_hidden_oriented_box_clearance_m,5,5,0,1.718951856563549,0.37855560114221937,1.5802782896040952,1.377649254815465,2.315667631002445,1.4540871871549925,2.035748098351881,scene_block_bootstrap_ci
raw_arm,DREAM,true_threat,,minimum_hidden_ttc_2d_s,5,5,0,1.2043772596140445,0.17759835685716324,1.2059797318726115,1.0295326550524238,1.4677100964551555,1.074609454719346,1.3443588208110995,scene_block_bootstrap_ci
raw_arm,DREAM,true_threat,,minimum_oriented_box_clearance_m,5,5,0,1.1631031750664949,0.06124900888267861,1.174875494923185,1.0657525628904405,1.2190636091119909,1.1106163794156358,1.205831390137607,scene_block_bootstrap_ci
raw_arm,DREAM,true_threat,,minimum_ttc_2d_s,5,5,0,1.2043772596140445,0.17759835685716324,1.2059797318726115,1.0295326550524238,1.4677100964551555,1.074609454719346,1.3458816579102995,scene_block_bootstrap_ci
raw_arm,DREAM,true_threat,,near_collision_incidence,5,5,0,0.0,0.0,0.0,0.0,0.0,0.0,0.0,scene_block_bootstrap_ci
raw_arm,DREAM,true_threat,,physics_control_loop_deadline_miss_fraction,5,5,0,0.0,0.0,0.0,0.0,0.0,0.0,0.0,scene_block_bootstrap_ci
raw_arm,DREAM,true_threat,,physics_control_loop_maximum_cycle_time_s,5,5,0,0.02471843999999983,0.005521740642949347,0.0263188999999997,0.016405699999999968,0.03097679999999947,0.020120779999999883,0.028571819999999803,scene_block_bootstrap_ci
raw_arm,DREAM,true_threat,,physics_control_loop_mean_cycle_time_s,5,5,0,0.012295770500000053,0.00032486153624027193,0.012258510833333203,0.011910430833333378,0.012624950833333533,0.012039891499999985,0.01255164950000012,scene_block_bootstrap_ci
raw_arm,DREAM,true_threat,,physics_control_loop_p95_cycle_time_s,5,5,0,0.015253402000000785,0.0004609336906571655,0.015185145000000766,0.014790195000000226,0.01586701000000161,0.014896411000000567,0.015610393000001003,scene_block_bootstrap_ci
raw_arm,DREAM,true_threat,,planner_completed_requests,5,5,0,13.8,0.4472135954999579,14.0,13.0,14.0,13.4,14.0,scene_block_bootstrap_ci
raw_arm,DREAM,true_threat,,planner_dropped_request_fraction,5,5,0,0.7684745762711864,0.006483650871387478,0.7666666666666667,0.7627118644067796,0.7796610169491526,0.7642937853107344,0.7744632768361582,scene_block_bootstrap_ci
raw_arm,DREAM,true_threat,,planner_dropped_requests,5,5,0,45.8,0.4472135954999579,46.0,45.0,46.0,45.4,46.0,scene_block_bootstrap_ci
raw_arm,DREAM,true_threat,,planner_maximum_total_s,5,5,0,0.54063542,0.023575212104602578,0.5321277,0.5203347,0.5792952,0.52488798,0.56076368,scene_block_bootstrap_ci
raw_arm,DREAM,true_threat,,planner_mean_total_s,5,5,0,0.4514389023076923,0.007022657786433851,0.4507169428571429,0.44178258571428575,0.4585980642857143,0.4461352857142858,0.4567425189010989,scene_block_bootstrap_ci
raw_arm,DREAM,true_threat,,planner_p95_total_s,5,5,0,0.533067966,0.014365363028473384,0.527248865,0.518102665,0.553958135,0.522656777,0.545580914,scene_block_bootstrap_ci
raw_arm,DREAM,true_threat,,planner_simulated_time_effective_rate_hz,5,5,0,2.3,0.07453559924999312,2.3333333333333335,2.1666666666666665,2.3333333333333335,2.2333333333333334,2.3333333333333335,scene_block_bootstrap_ci
raw_arm,DREAM,true_threat,,planner_wall_clock_effective_rate_hz,5,5,0,2.29992075606519,0.07460168766233799,2.333209012179801,2.1664693735223843,2.3334380269194743,2.233179097654289,2.3333594155140926,scene_block_bootstrap_ci
raw_arm,DREAM,true_threat,,real_time_factor,5,5,0,0.9999647374797347,6.0235613059865536e-05,0.999946719505629,0.9999089416257158,1.0000448686797747,0.9999182968820011,1.0000115527253757,scene_block_bootstrap_ci
raw_arm,DREAM,true_threat,,reveal_to_hidden_aware_plan_applied_s,5,5,0,0.8900000000000002,0.10246950765959605,0.9,0.8,1.0500000000000003,0.8200000000000001,0.9700000000000003,scene_block_bootstrap_ci
raw_arm,DREAM,true_threat,,traffic_hard_braking_actor_count,5,5,0,0.2,0.4472135954999579,0.0,0.0,1.0,0.0,0.6,scene_block_bootstrap_ci
raw_arm,DREAM,true_threat,,traffic_maximum_follower_disturbance_amplification,5,5,0,3.445809470171522,2.0731650676115416,3.584327530988397,1.3882981324819021,6.41459846165449,1.9057769416796368,5.017123722139258,scene_block_bootstrap_ci
raw_arm,DREAM,true_threat,,traffic_maximum_speed_loss_mps,5,5,0,2.3401517549960182,0.12436270811058259,2.317205627265011,2.206854026368301,2.545599074515845,2.250994666726985,2.453579454075694,scene_block_bootstrap_ci
raw_arm,DREAM,true_threat,,traffic_peak_deceleration_mps2,5,5,0,-2.2076799310530375,0.6758691138592902,-1.9334415924058872,-3.4059904871877693,-1.8130491688938257,-2.8207779736682026,-1.8489381468059691,scene_block_bootstrap_ci
raw_arm,DREAM,true_threat,,traffic_total_integrated_speed_deficit_vehicle_m,5,5,0,62.693600745922865,9.698133177108062,61.558622976322866,52.85588802127645,75.62026380790304,55.18588197205404,70.20131951979171,scene_block_bootstrap_ci
raw_arm,IDEAM,empty_shadow,,collision_incidence,5,5,0,0.0,0.0,0.0,0.0,0.0,0.0,0.0,scene_block_bootstrap_ci
raw_arm,IDEAM,empty_shadow,,ego_maximum_speed_loss_mps,5,5,0,3.0412146746606092,0.097428091534528,3.0246965392367997,2.9065167727190477,3.150637476589182,2.968754580583032,3.1132006316827043,scene_block_bootstrap_ci
raw_arm,IDEAM,empty_shadow,,ego_mean_speed_mps,5,5,0,31.39366523773764,0.2641500782165477,31.357568211786575,31.077061177096606,31.6709384758208,31.18642066470783,31.60090981076745,scene_block_bootstrap_ci
raw_arm,IDEAM,empty_shadow,,ego_minimum_speed_mps,5,5,0,29.89198554276287,0.26994913863923475,29.881693387790044,29.55579916665927,30.1897542127209,29.681046836834383,30.102924248691362,scene_block_bootstrap_ci
raw_arm,IDEAM,empty_shadow,,ego_peak_deceleration_mps2,5,5,0,-2.295058942368314,0.03103313102633225,-2.277902965210288,-2.335008996102488,-2.265267644974145,-2.3204284187724227,-2.2719460244590124,scene_block_bootstrap_ci
raw_arm,IDEAM,empty_shadow,,low_level_deadline_miss_fraction,5,5,0,0.0,0.0,0.0,0.0,0.0,0.0,0.0,scene_block_bootstrap_ci
raw_arm,IDEAM,empty_shadow,,low_level_maximum_time_s,5,5,0,0.0027168600000003094,0.00027564511241825155,0.0028037999999988017,0.002256100000000316,0.0029220000000016455,0.002474740000000608,0.0028971600000005536,scene_block_bootstrap_ci
raw_arm,IDEAM,empty_shadow,,low_level_mean_time_s,5,5,0,0.001297319999999953,1.588167921617516e-05,0.0012895633333332177,0.0012875733333331733,0.0013250433333334755,0.001288202666666578,0.0013117943333333672,scene_block_bootstrap_ci
raw_arm,IDEAM,empty_shadow,,low_level_p95_time_s,5,5,0,0.0018164849999993387,0.0001605014331330141,0.0017527449999983334,0.0016723999999977753,0.002084920000000512,0.001715378999999046,0.0019519689999997424,scene_block_bootstrap_ci
raw_arm,IDEAM,empty_shadow,,low_level_stale_plan_fallback_time_s,5,5,0,1.9999999999999996,0.9027735042633873,1.5000000000000007,1.4000000000000006,3.4999999999999956,1.4200000000000006,2.8199999999999976,scene_block_bootstrap_ci
raw_arm,IDEAM,empty_shadow,,low_level_wall_clock_effective_control_rate_hz,5,5,0,9.998500563990381,0.001467957767524128,9.998172833914603,9.997086016044422,10.000593535226315,9.997392196474104,9.999686208089102,scene_block_bootstrap_ci
raw_arm,IDEAM,empty_shadow,,maximum_follower_hard_brake_time_s,5,5,0,0.0,0.0,0.0,0.0,0.0,0.0,0.0,scene_block_bootstrap_ci
raw_arm,IDEAM,empty_shadow,,maximum_follower_speed_loss_mps,5,5,0,2.013814137263396,0.4843229091327341,2.206854026368301,1.4081816405503567,2.5455952597436067,1.6265969362611572,2.381104010595241,scene_block_bootstrap_ci
raw_arm,IDEAM,empty_shadow,,minimum_follower_peak_deceleration_mps2,5,5,0,-1.7147206678927767,0.31694867389536624,-1.8425754019181533,-2.0433048579137116,-1.3475418313150587,-1.9592136605114703,-1.4702276752740828,scene_block_bootstrap_ci
raw_arm,IDEAM,empty_shadow,,minimum_oriented_box_clearance_m,5,5,0,1.165209572847907,0.0544628058545424,1.1748407923507107,1.0813605552944883,1.2172729199908563,1.119331052497389,1.204343175572021,scene_block_bootstrap_ci
raw_arm,IDEAM,empty_shadow,,near_collision_incidence,5,5,0,0.0,0.0,0.0,0.0,0.0,0.0,0.0,scene_block_bootstrap_ci
raw_arm,IDEAM,empty_shadow,,physics_control_loop_deadline_miss_fraction,5,5,0,0.0,0.0,0.0,0.0,0.0,0.0,0.0,scene_block_bootstrap_ci
raw_arm,IDEAM,empty_shadow,,physics_control_loop_maximum_cycle_time_s,5,5,0,0.015449959999999407,0.001104301126505167,0.01471469999999897,0.014558499999999697,0.016710299999999734,0.014631059999999252,0.01627943999999957,scene_block_bootstrap_ci
raw_arm,IDEAM,empty_shadow,,physics_control_loop_mean_cycle_time_s,5,5,0,0.011045365333333283,0.00022250944332533954,0.011067364166666715,0.01079850666666653,0.011375603333333206,0.010887773333333343,0.011216389499999934,scene_block_bootstrap_ci
raw_arm,IDEAM,empty_shadow,,physics_control_loop_p95_cycle_time_s,5,5,0,0.013458788999999865,0.00028725854585684283,0.013360790000000566,0.013152804999998402,0.013904890000000324,0.013261941999999482,0.013694239000000132,scene_block_bootstrap_ci
raw_arm,IDEAM,empty_shadow,,planner_completed_requests,5,5,0,9.6,1.51657508881031,10.0,7.0,11.0,8.2,10.6,scene_block_bootstrap_ci
raw_arm,IDEAM,empty_shadow,,planner_dropped_request_fraction,5,5,0,0.8384745762711864,0.024838204138366703,0.8305084745762712,0.8166666666666667,0.8813559322033898,0.822768361581921,0.8610169491525423,scene_block_bootstrap_ci
raw_arm,IDEAM,empty_shadow,,planner_dropped_requests,5,5,0,49.8,1.3038404810405297,49.0,49.0,52.0,49.0,51.0,scene_block_bootstrap_ci
raw_arm,IDEAM,empty_shadow,,planner_maximum_total_s,5,5,0,1.37075394,0.46616031975285394,1.1066712,0.9248503,1.9643001,1.02384576,1.7501696800000002,scene_block_bootstrap_ci
raw_arm,IDEAM,empty_shadow,,planner_mean_total_s,5,5,0,0.6194079163896105,0.06626985351535053,0.58883058,0.5677770090909091,0.7259233428571429,0.5741401916363638,0.6773795015324675,scene_block_bootstrap_ci
raw_arm,IDEAM,empty_shadow,,planner_p95_total_s,5,5,0,1.1465345509999996,0.3644484816007842,0.9445574849999996,0.83333255,1.7110294499999994,0.8948216649999997,1.4717980199999992,scene_block_bootstrap_ci
raw_arm,IDEAM,empty_shadow,,planner_simulated_time_effective_rate_hz,5,5,0,1.6,0.2527625148017183,1.6666666666666667,1.1666666666666667,1.8333333333333333,1.3666666666666667,1.7666666666666668,scene_block_bootstrap_ci
raw_arm,IDEAM,empty_shadow,,planner_wall_clock_effective_rate_hz,5,5,0,1.5997731432843345,0.2528007199110309,1.6665570627638384,1.1663267018718493,1.8329983528843439,1.3664181935955149,1.7663540262228252,scene_block_bootstrap_ci
raw_arm,IDEAM,empty_shadow,,real_time_factor,5,5,0,0.9998500563990381,0.00014679577675238392,0.9998172833914604,0.9997086016044422,1.0000593535226314,0.9997392196474104,0.9999686208089102,scene_block_bootstrap_ci
raw_arm,IDEAM,empty_shadow,,traffic_hard_braking_actor_count,5,5,0,0.2,0.4472135954999579,0.0,0.0,1.0,0.0,0.6,scene_block_bootstrap_ci
raw_arm,IDEAM,empty_shadow,,traffic_maximum_follower_disturbance_amplification,5,5,0,3.6211047405446606,1.8705880703598783,3.584319010223259,1.805324325065304,6.414588848894815,2.256373031682812,5.109011613044874,scene_block_bootstrap_ci
raw_arm,IDEAM,empty_shadow,,traffic_maximum_speed_loss_mps,5,5,0,2.3401509920415706,0.12436113261040592,2.317205627265011,2.206854026368301,2.5455952597436067,2.2523980888238326,2.452173743115503,scene_block_bootstrap_ci
raw_arm,IDEAM,empty_shadow,,traffic_peak_deceleration_mps2,5,5,0,-2.2076723016638695,0.6758714329189328,-1.9334415924058872,-3.4059904871877693,-1.8130491688938257,-2.8148650976741694,-1.8489381468059691,scene_block_bootstrap_ci
raw_arm,IDEAM,empty_shadow,,traffic_total_integrated_speed_deficit_vehicle_m,5,5,0,62.47474112623139,9.682018166282667,61.3700781608574,52.6961614296925,75.4081794641661,54.982767739939945,69.96671451252283,scene_block_bootstrap_ci
raw_arm,IDEAM,true_threat,,collision_incidence,5,5,0,0.4,0.5477225575051661,0.0,0.0,1.0,0.0,0.8,scene_block_bootstrap_ci
raw_arm,IDEAM,true_threat,,ego_maximum_speed_loss_mps,5,5,0,10.726592563608317,4.2471192300762475,13.329151904765716,5.869346700306952,14.320029741303465,7.540407370416697,13.912777756799937,scene_block_bootstrap_ci
raw_arm,IDEAM,true_threat,,ego_mean_speed_mps,5,5,0,29.50787400538838,0.634866264266139,29.47439560252958,28.735356847685033,30.222587972935006,29.010560842283894,30.005187168492863,scene_block_bootstrap_ci
raw_arm,IDEAM,true_threat,,ego_minimum_speed_mps,5,5,0,22.206607653815162,4.190380924622252,19.70407458306581,18.762667220104586,27.13236252048227,19.05402658385764,25.36620430137399,scene_block_bootstrap_ci
raw_arm,IDEAM,true_threat,,ego_peak_deceleration_mps2,5,5,0,-8.60474101218422,1.1915738900791117,-8.772451415641953,-9.771747297465367,-7.1609609014155495,-9.546318316619093,-7.663163707749348,scene_block_bootstrap_ci
raw_arm,IDEAM,true_threat,,low_level_deadline_miss_fraction,5,5,0,0.0,0.0,0.0,0.0,0.0,0.0,0.0,scene_block_bootstrap_ci
raw_arm,IDEAM,true_threat,,low_level_maximum_time_s,5,5,0,0.003130800000000278,0.00048398698846156813,0.002817999999999543,0.002796599999999927,0.0038973999999996067,0.002807639999999978,0.0035634600000001627,scene_block_bootstrap_ci
raw_arm,IDEAM,true_threat,,low_level_mean_time_s,5,5,0,0.0014931246666668703,4.6866872412520794e-05,0.0015106933333337716,0.0014420866666668827,0.0015407666666670335,0.0014570710000000985,0.0015295993333335881,scene_block_bootstrap_ci
raw_arm,IDEAM,true_threat,,low_level_p95_time_s,5,5,0,0.0021032910000001867,0.00047750324684035973,0.0020865800000001928,0.001637849999998408,0.0028831950000010485,0.0017744220000007257,0.002511683000000886,scene_block_bootstrap_ci
raw_arm,IDEAM,true_threat,,low_level_stale_plan_fallback_time_s,5,5,0,1.4200000000000002,0.6260990336999406,1.2000000000000004,1.0000000000000002,2.499999999999999,1.0400000000000003,1.98,scene_block_bootstrap_ci
raw_arm,IDEAM,true_threat,,low_level_wall_clock_effective_control_rate_hz,5,5,0,9.998777965898052,0.0010196526117902149,9.999220227475927,9.997340540793802,9.999729673974477,9.99792420192549,9.999537258284931,scene_block_bootstrap_ci
raw_arm,IDEAM,true_threat,,maximum_follower_hard_brake_time_s,5,5,0,0.0,0.0,0.0,0.0,0.0,0.0,0.0,scene_block_bootstrap_ci
raw_arm,IDEAM,true_threat,,maximum_follower_speed_loss_mps,5,5,0,2.0138156631682884,0.48432315069216547,2.206854026368301,1.4081816405503567,2.545599074515845,1.6265976992116016,2.381105536504136,scene_block_bootstrap_ci
raw_arm,IDEAM,true_threat,,minimum_follower_peak_deceleration_mps2,5,5,0,-1.7147282956038776,0.31695856307849357,-1.8425754019181533,-2.043343004859552,-1.3475418313150587,-1.9592289192898065,-1.470227671917949,scene_block_bootstrap_ci
raw_arm,IDEAM,true_threat,,minimum_hidden_oriented_box_clearance_m,5,5,0,0.21555362579780502,0.4270308495435286,-0.026078253011945662,-0.10123061508477349,0.8874968562548288,-0.07715765528725456,0.5960141419190804,scene_block_bootstrap_ci
raw_arm,IDEAM,true_threat,,minimum_hidden_ttc_2d_s,5,5,0,0.24800852584964242,0.3956129358277676,0.0,0.0,0.907011439254916,0.0,0.6108131015516088,scene_block_bootstrap_ci
raw_arm,IDEAM,true_threat,,minimum_oriented_box_clearance_m,5,5,0,0.21555362579780502,0.4270308495435286,-0.026078253011945662,-0.10123061508477349,0.8874968562548288,-0.07715765528725456,0.5927214649769149,scene_block_bootstrap_ci
raw_arm,IDEAM,true_threat,,minimum_ttc_2d_s,5,5,0,0.24800852584964242,0.3956129358277676,0.0,0.0,0.907011439254916,0.0,0.6108131015516088,scene_block_bootstrap_ci
raw_arm,IDEAM,true_threat,,near_collision_incidence,5,5,0,1.0,0.0,1.0,1.0,1.0,1.0,1.0,scene_block_bootstrap_ci
raw_arm,IDEAM,true_threat,,physics_control_loop_deadline_miss_fraction,5,5,0,0.0,0.0,0.0,0.0,0.0,0.0,0.0,scene_block_bootstrap_ci
raw_arm,IDEAM,true_threat,,physics_control_loop_maximum_cycle_time_s,5,5,0,0.023357220000000112,0.0018073413850184085,0.0223229000000007,0.021908599999999723,0.026090200000000507,0.022082980000000065,0.02494700000000023,scene_block_bootstrap_ci
raw_arm,IDEAM,true_threat,,physics_control_loop_mean_cycle_time_s,5,5,0,0.012439455166666648,0.00030337096030842525,0.012419132499999819,0.012058911666666743,0.012904306666666665,0.012202999999999974,0.012705569000000003,scene_block_bootstrap_ci
raw_arm,IDEAM,true_threat,,physics_control_loop_p95_cycle_time_s,5,5,0,0.015369099999999563,0.0006662831812744019,0.015508044999998916,0.014669970000000277,0.016185384999998397,0.014852750999999956,0.01588544899999917,scene_block_bootstrap_ci
raw_arm,IDEAM,true_threat,,planner_completed_requests,5,5,0,11.6,0.8944271909999159,12.0,10.0,12.0,10.8,12.0,scene_block_bootstrap_ci
raw_arm,IDEAM,true_threat,,planner_dropped_request_fraction,5,5,0,0.8033898305084746,0.015159782898303668,0.7966101694915254,0.7966101694915254,0.8305084745762712,0.7966101694915254,0.8169491525423729,scene_block_bootstrap_ci
raw_arm,IDEAM,true_threat,,planner_dropped_requests,5,5,0,47.4,0.8944271909999159,47.0,47.0,49.0,47.0,48.2,scene_block_bootstrap_ci
raw_arm,IDEAM,true_threat,,planner_maximum_total_s,5,5,0,1.2282606399999998,0.4112716729746871,1.1023315,0.9077461,1.9490583,0.9873444599999999,1.6041042399999998,scene_block_bootstrap_ci
raw_arm,IDEAM,true_threat,,planner_mean_total_s,5,5,0,0.5333591836666667,0.051687745132546516,0.5125105666666666,0.5052788333333332,0.62557856,0.5078528916666667,0.5800327276666667,scene_block_bootstrap_ci
raw_arm,IDEAM,true_threat,,planner_p95_total_s,5,5,0,1.0297844179999998,0.3002657280134746,0.8986317399999998,0.86595545,1.565465699999999,0.8825367259999999,1.2980302509999995,scene_block_bootstrap_ci
raw_arm,IDEAM,true_threat,,planner_simulated_time_effective_rate_hz,5,5,0,1.9333333333333331,0.14907119849998596,2.0,1.6666666666666667,2.0,1.8,2.0,scene_block_bootstrap_ci
raw_arm,IDEAM,true_threat,,planner_wall_clock_effective_rate_hz,5,5,0,1.9330941249964375,0.14901025933232812,1.9996192058492324,1.6665367045793211,1.9999459347948954,1.799804831338324,1.9998624837277954,scene_block_bootstrap_ci
raw_arm,IDEAM,true_threat,,real_time_factor,5,5,0,0.9998777965898051,0.00010196526117895556,0.9999220227475927,0.9997340540793803,0.9999729673974477,0.9997924201925492,0.9999537258284932,scene_block_bootstrap_ci
raw_arm,IDEAM,true_threat,,reveal_to_hidden_aware_plan_applied_s,5,5,0,0.6500000000000001,0.11180339887498954,0.65,0.5,0.8000000000000002,0.56,0.7400000000000001,scene_block_bootstrap_ci
raw_arm,IDEAM,true_threat,,traffic_hard_braking_actor_count,5,5,0,0.2,0.4472135954999579,0.0,0.0,1.0,0.0,0.6,scene_block_bootstrap_ci
raw_arm,IDEAM,true_threat,,traffic_maximum_follower_disturbance_amplification,5,5,0,3.4605928049068204,2.056212535738813,3.584327530988397,1.4064836020690605,6.41459846165449,1.9353436111502333,5.028269962957125,scene_block_bootstrap_ci
raw_arm,IDEAM,true_threat,,traffic_maximum_speed_loss_mps,5,5,0,2.3401517549960182,0.12436270811058259,2.317205627265011,2.206854026368301,2.545599074515845,2.2523980888238326,2.453579454075694,scene_block_bootstrap_ci
raw_arm,IDEAM,true_threat,,traffic_peak_deceleration_mps2,5,5,0,-2.2076799310530375,0.6758691138592902,-1.9334415924058872,-3.4059904871877693,-1.8130491688938257,-2.8207779736682026,-1.8489381468059691,scene_block_bootstrap_ci
raw_arm,IDEAM,true_threat,,traffic_total_integrated_speed_deficit_vehicle_m,5,5,0,62.58946522402209,9.649630087764962,61.47092470141571,52.83923095113418,75.49138176812352,55.12486452911162,70.05406591893255,scene_block_bootstrap_ci
