scene_seed,construction_hash,scenario_id,controller,condition,run_directory,summary_path,trace_path,reveal_reference_time_s,observed_semantic_lidar_reveal_time_s,number_of_ticks,trace_start_time_s,trace_end_time_s,mean_ego_speed_mps,minimum_ego_speed_mps,minimum_oriented_clearance_m,minimum_clearance_first_3s_after_reference_m,minimum_hidden_oriented_clearance_m,minimum_hidden_ttc_2d_s,ego_maximum_speed_loss_mps,ego_peak_deceleration_mps2,collision_incidence,near_collision_incidence,collision_or_near_incidence,traffic_total_integrated_speed_deficit_vehicle_m,maximum_follower_speed_loss_mps,traffic_hard_braking_actor_count,planner_mean_total_s,planner_p95_total_s,planner_maximum_total_s,planner_effective_completed_update_rate_hz,planner_dropped_request_fraction,planner_reveal_to_hidden_aware_plan_applied_s,low_level_mean_time_s,low_level_p95_time_s,low_level_maximum_time_s,low_level_deadline_miss_count,low_level_deadline_miss_fraction,physics_loop_mean_cycle_time_s,physics_loop_p95_cycle_time_s,physics_loop_maximum_cycle_time_s,physics_loop_deadline_miss_count,physics_loop_deadline_miss_fraction
1001,76d7e32b2ca849634caa69400150615164a35868619c2640bd7215787abb8571,town06_converging_dual_overtake_firetruck_v1_seed001001_76d7e32b2ca8,DREAM,empty_shadow,<DREAM_ROOT>\outputs\carla_field_baselines_n5_v20\town06_converging_dual_overtake_firetruck_v1_seed001001_76d7e32b2ca8\dream_empty_shadow_seed1001_20260717_185023,<DREAM_ROOT>\outputs\carla_field_baselines_n5_v20\town06_converging_dual_overtake_firetruck_v1_seed001001_76d7e32b2ca8\dream_empty_shadow_seed1001_20260717_185023\summary.json,<DREAM_ROOT>\outputs\carla_field_baselines_n5_v20\town06_converging_dual_overtake_firetruck_v1_seed001001_76d7e32b2ca8\dream_empty_shadow_seed1001_20260717_185023\tick_trace.csv,0.9500000000000001,,120,0.05,6.0,30.29593405493352,27.974763422074464,1.0549191372194988,1.0549191372194988,,,5.0584630657570635,-2.408422362707512,0,0,0,75.57718422662819,2.545599074517188,0.0,0.4173390333333334,0.52279794,0.5296802,2.5,0.7457627118644068,,0.001447776666667148,0.0026482449999978277,0.0029623999999941475,0,0.0,0.011579786666666703,0.015517450000004372,0.01936889999999991,0,0.0
1001,76d7e32b2ca849634caa69400150615164a35868619c2640bd7215787abb8571,town06_converging_dual_overtake_firetruck_v1_seed001001_76d7e32b2ca8,DREAM,true_threat,<DREAM_ROOT>\outputs\carla_field_baselines_n5_v20\town06_converging_dual_overtake_firetruck_v1_seed001001_76d7e32b2ca8\dream_true_threat_seed1001_20260717_185243,<DREAM_ROOT>\outputs\carla_field_baselines_n5_v20\town06_converging_dual_overtake_firetruck_v1_seed001001_76d7e32b2ca8\dream_true_threat_seed1001_20260717_185243\summary.json,<DREAM_ROOT>\outputs\carla_field_baselines_n5_v20\town06_converging_dual_overtake_firetruck_v1_seed001001_76d7e32b2ca8\dream_true_threat_seed1001_20260717_185243\tick_trace.csv,0.9500000000000001,0.9500000000000001,120,0.05,6.0,29.85102416089291,26.053132886458002,0.8481351614111486,1.0549191372194988,0.8481351614111486,0.9291475940166471,6.980093601373525,-7.3927931627646615,0,1,1,75.61921096315244,2.545599074515845,0.0,0.44193337142857153,0.531303105,0.5340658,2.3333333333333335,0.7627118644067796,0.8000000000000002,0.0014717733333331632,0.0018395499999998674,0.002567999999996573,0,0.0,0.012187048333333254,0.01633685999999841,0.020677100000000337,0,0.0
1001,76d7e32b2ca849634caa69400150615164a35868619c2640bd7215787abb8571,town06_converging_dual_overtake_firetruck_v1_seed001001_76d7e32b2ca8,IDEAM,empty_shadow,<DREAM_ROOT>\outputs\carla_field_baselines_n5_v20\town06_converging_dual_overtake_firetruck_v1_seed001001_76d7e32b2ca8\ideam_empty_shadow_seed1001_20260717_185151,<DREAM_ROOT>\outputs\carla_field_baselines_n5_v20\town06_converging_dual_overtake_firetruck_v1_seed001001_76d7e32b2ca8\ideam_empty_shadow_seed1001_20260717_185151\summary.json,<DREAM_ROOT>\outputs\carla_field_baselines_n5_v20\town06_converging_dual_overtake_firetruck_v1_seed001001_76d7e32b2ca8\ideam_empty_shadow_seed1001_20260717_185151\tick_trace.csv,0.9500000000000001,,120,0.05,6.0,31.40676439131981,29.817818665387442,1.1735307581634982,1.1917998165234922,,,3.2154079876925508,-2.3469264788925415,0,0,0,75.4527209983952,2.543516255227953,0.0,0.5588821272727272,0.80854545,0.8969263,1.8333333333333333,0.8135593220338984,,0.0013007633333334211,0.001730974999997414,0.003053200000000089,0,0.0,0.01174229750000008,0.01505983000000004,0.017391499999998672,0,0.0
1001,76d7e32b2ca849634caa69400150615164a35868619c2640bd7215787abb8571,town06_converging_dual_overtake_firetruck_v1_seed001001_76d7e32b2ca8,IDEAM,true_threat,<DREAM_ROOT>\outputs\carla_field_baselines_n5_v20\town06_converging_dual_overtake_firetruck_v1_seed001001_76d7e32b2ca8\ideam_true_threat_seed1001_20260717_185217,<DREAM_ROOT>\outputs\carla_field_baselines_n5_v20\town06_converging_dual_overtake_firetruck_v1_seed001001_76d7e32b2ca8\ideam_true_threat_seed1001_20260717_185217\summary.json,<DREAM_ROOT>\outputs\carla_field_baselines_n5_v20\town06_converging_dual_overtake_firetruck_v1_seed001001_76d7e32b2ca8\ideam_true_threat_seed1001_20260717_185217\tick_trace.csv,0.9500000000000001,0.9500000000000001,120,0.05,6.0,29.26792420468412,19.31639135492689,-0.06704075794920072,1.0813605552944883,-0.06704075794920072,0.0,13.716835132904638,-9.031924339166508,1,1,1,75.51249460249508,2.545599074515845,0.0,0.5058915454545454,0.8592759999999999,0.919173,1.8333333333333333,0.8135593220338984,0.7000000000000001,0.0014576533333330013,0.001845464999999357,0.00288229999999956,0,0.0,0.012688175833333244,0.017376429999999488,0.02378490000000255,0,0.0
1001,76d7e32b2ca849634caa69400150615164a35868619c2640bd7215787abb8571,town06_converging_dual_overtake_firetruck_v1_seed001001_76d7e32b2ca8,ADA,empty_shadow,<DREAM_ROOT>\outputs\carla_field_baselines_n5_v20\town06_converging_dual_overtake_firetruck_v1_seed001001_76d7e32b2ca8\ada_empty_shadow_seed1001_20260717_185309,<DREAM_ROOT>\outputs\carla_field_baselines_n5_v20\town06_converging_dual_overtake_firetruck_v1_seed001001_76d7e32b2ca8\ada_empty_shadow_seed1001_20260717_185309\summary.json,<DREAM_ROOT>\outputs\carla_field_baselines_n5_v20\town06_converging_dual_overtake_firetruck_v1_seed001001_76d7e32b2ca8\ada_empty_shadow_seed1001_20260717_185309\tick_trace.csv,0.9500000000000001,,120,0.05,6.0,31.218818238474334,29.62275786226294,1.0553821397286078,1.0553821397286078,,,3.410468625568587,-2.408406879165028,0,0,0,75.50606907592785,2.5457936249951985,0.0,0.58631649,0.9908633899999997,1.1251037,1.6666666666666667,0.8305084745762712,,0.0013978449999999753,0.0018243700000040164,0.003076999999997554,0,0.0,0.011621105000000782,0.015632320000001698,0.018475600000002146,0,0.0
1001,76d7e32b2ca849634caa69400150615164a35868619c2640bd7215787abb8571,town06_converging_dual_overtake_firetruck_v1_seed001001_76d7e32b2ca8,ADA,true_threat,<DREAM_ROOT>\outputs\carla_field_baselines_n5_v20\town06_converging_dual_overtake_firetruck_v1_seed001001_76d7e32b2ca8\ada_true_threat_seed1001_20260717_185125,<DREAM_ROOT>\outputs\carla_field_baselines_n5_v20\town06_converging_dual_overtake_firetruck_v1_seed001001_76d7e32b2ca8\ada_true_threat_seed1001_20260717_185125\summary.json,<DREAM_ROOT>\outputs\carla_field_baselines_n5_v20\town06_converging_dual_overtake_firetruck_v1_seed001001_76d7e32b2ca8\ada_true_threat_seed1001_20260717_185125\tick_trace.csv,0.9500000000000001,0.9500000000000001,120,0.05,6.0,29.123999389169526,19.208681739474503,0.17578525507024004,1.0553821397286078,0.17578525507024004,0.6526811209554952,13.824544748357024,-9.130762369725147,0,1,1,75.59337247694374,2.545599074515845,0.0,0.5134288,0.9262212449999997,1.1395685,2.0,0.7966101694915254,0.7000000000000001,0.0014111983333332744,0.00176455000000022,0.002021300000002668,0,0.0,0.012630111666666692,0.016020185000000353,0.019895599999998126,0,0.0
1001,76d7e32b2ca849634caa69400150615164a35868619c2640bd7215787abb8571,town06_converging_dual_overtake_firetruck_v1_seed001001_76d7e32b2ca8,APF,empty_shadow,<DREAM_ROOT>\outputs\carla_field_baselines_n5_v20\town06_converging_dual_overtake_firetruck_v1_seed001001_76d7e32b2ca8\apf_empty_shadow_seed1001_20260717_185345,<DREAM_ROOT>\outputs\carla_field_baselines_n5_v20\town06_converging_dual_overtake_firetruck_v1_seed001001_76d7e32b2ca8\apf_empty_shadow_seed1001_20260717_185345\summary.json,<DREAM_ROOT>\outputs\carla_field_baselines_n5_v20\town06_converging_dual_overtake_firetruck_v1_seed001001_76d7e32b2ca8\apf_empty_shadow_seed1001_20260717_185345\tick_trace.csv,0.9500000000000001,,120,0.05,6.0,31.40513608327648,29.836387887728442,1.0811651348156741,1.0811651348156741,,,3.196838600103085,-2.4560360007208715,0,0,0,75.49088734670482,2.5467701827839626,0.0,0.57204705,0.9490415899999997,1.1035427,1.6666666666666667,0.8305084745762712,,0.001241265000000169,0.0015194200000012248,0.002117699999999445,0,0.0,0.01163211500000007,0.014605700000001854,0.015539499999999151,0,0.0
1001,76d7e32b2ca849634caa69400150615164a35868619c2640bd7215787abb8571,town06_converging_dual_overtake_firetruck_v1_seed001001_76d7e32b2ca8,APF,true_threat,<DREAM_ROOT>\outputs\carla_field_baselines_n5_v20\town06_converging_dual_overtake_firetruck_v1_seed001001_76d7e32b2ca8\apf_true_threat_seed1001_20260717_185059,<DREAM_ROOT>\outputs\carla_field_baselines_n5_v20\town06_converging_dual_overtake_firetruck_v1_seed001001_76d7e32b2ca8\apf_true_threat_seed1001_20260717_185059\summary.json,<DREAM_ROOT>\outputs\carla_field_baselines_n5_v20\town06_converging_dual_overtake_firetruck_v1_seed001001_76d7e32b2ca8\apf_true_threat_seed1001_20260717_185059\tick_trace.csv,0.9500000000000001,0.9500000000000001,120,0.05,6.0,29.77071451815375,24.124971903021773,0.5993965556074995,1.0813855925351512,0.5993965556074995,0.8074915863026374,8.908254584809754,-7.165799979947423,0,1,1,75.51844246602602,2.545599074515845,0.0,0.5067999166666667,0.9029946749999997,1.0998493,2.0,0.7966101694915254,0.8000000000000002,0.0017099649999994546,0.002819319999999514,0.0035500000000006082,0,0.0,0.012752535833333222,0.017024199999999646,0.030264100000000127,0,0.0
1002,57bd7ad37b5dffbb0f0b6c6eca3282401e47bf4c8b260567b19916ccaeeb1149,town06_converging_dual_overtake_firetruck_v1_seed001002_57bd7ad37b5d,DREAM,empty_shadow,<DREAM_ROOT>\outputs\carla_field_baselines_n5_v20\town06_converging_dual_overtake_firetruck_v1_seed001002_57bd7ad37b5d\dream_empty_shadow_seed1002_20260717_185743,<DREAM_ROOT>\outputs\carla_field_baselines_n5_v20\town06_converging_dual_overtake_firetruck_v1_seed001002_57bd7ad37b5d\dream_empty_shadow_seed1002_20260717_185743\summary.json,<DREAM_ROOT>\outputs\carla_field_baselines_n5_v20\town06_converging_dual_overtake_firetruck_v1_seed001002_57bd7ad37b5d\dream_empty_shadow_seed1002_20260717_185743\tick_trace.csv,0.9500000000000001,,120,0.05,6.0,29.795212800480634,27.701716406674244,1.174875494923185,1.1940536859608941,,,4.858289511626985,-2.4540511666067033,0,0,0,61.545925577994964,2.303739660912516,0.0,0.4218616266666667,0.52093668,0.5211786,2.5,0.7457627118644068,,0.0012852599999997475,0.0016634099999984996,0.0018352999999962094,0,0.0,0.011587235000000006,0.014438985000000671,0.01623949999999752,0,0.0
1002,57bd7ad37b5dffbb0f0b6c6eca3282401e47bf4c8b260567b19916ccaeeb1149,town06_converging_dual_overtake_firetruck_v1_seed001002_57bd7ad37b5d,DREAM,true_threat,<DREAM_ROOT>\outputs\carla_field_baselines_n5_v20\town06_converging_dual_overtake_firetruck_v1_seed001002_57bd7ad37b5d\dream_true_threat_seed1002_20260717_185410,<DREAM_ROOT>\outputs\carla_field_baselines_n5_v20\town06_converging_dual_overtake_firetruck_v1_seed001002_57bd7ad37b5d\dream_true_threat_seed1002_20260717_185410\summary.json,<DREAM_ROOT>\outputs\carla_field_baselines_n5_v20\town06_converging_dual_overtake_firetruck_v1_seed001002_57bd7ad37b5d\dream_true_threat_seed1002_20260717_185410\tick_trace.csv,0.9500000000000001,0.9500000000000001,120,0.05,6.0,29.68071069589877,27.040824681099576,1.174875494923185,1.1940536859608941,1.608888508138894,1.0689383559006378,5.5191812372016535,-2.4540511666067033,0,0,0,61.54289548252535,2.303739660912516,0.0,0.43948575000000006,0.518519615,0.5208329,2.3333333333333335,0.7627118644067796,0.8000000000000002,0.001470793333333198,0.002006380000000085,0.0030723999999970886,0,0.0,0.012099180000000143,0.016595164999999846,0.018590699999997184,0,0.0
1002,57bd7ad37b5dffbb0f0b6c6eca3282401e47bf4c8b260567b19916ccaeeb1149,town06_converging_dual_overtake_firetruck_v1_seed001002_57bd7ad37b5d,IDEAM,empty_shadow,<DREAM_ROOT>\outputs\carla_field_baselines_n5_v20\town06_converging_dual_overtake_firetruck_v1_seed001002_57bd7ad37b5d\ideam_empty_shadow_seed1002_20260717_185717,<DREAM_ROOT>\outputs\carla_field_baselines_n5_v20\town06_converging_dual_overtake_firetruck_v1_seed001002_57bd7ad37b5d\ideam_empty_shadow_seed1002_20260717_185717\summary.json,<DREAM_ROOT>\outputs\carla_field_baselines_n5_v20\town06_converging_dual_overtake_firetruck_v1_seed001002_57bd7ad37b5d\ideam_empty_shadow_seed1002_20260717_185717\tick_trace.csv,0.9500000000000001,,120,0.05,6.0,31.085506337203814,29.55565860911097,1.1748407923507107,1.1935367420152914,,,3.0043473093071356,-2.265267644974145,0,0,0,61.37003715278104,2.3037377535603447,0.0,0.5627325799999999,0.9085698899999997,1.0549125,1.6666666666666667,0.8305084745762712,,0.0012506316666667536,0.0016721499999993838,0.0024495000000008815,0,0.0,0.011256135833333373,0.014503654999997905,0.016421199999999914,0,0.0
1002,57bd7ad37b5dffbb0f0b6c6eca3282401e47bf4c8b260567b19916ccaeeb1149,town06_converging_dual_overtake_firetruck_v1_seed001002_57bd7ad37b5d,IDEAM,true_threat,<DREAM_ROOT>\outputs\carla_field_baselines_n5_v20\town06_converging_dual_overtake_firetruck_v1_seed001002_57bd7ad37b5d\ideam_true_threat_seed1002_20260717_185615,<DREAM_ROOT>\outputs\carla_field_baselines_n5_v20\town06_converging_dual_overtake_firetruck_v1_seed001002_57bd7ad37b5d\ideam_true_threat_seed1002_20260717_185615\summary.json,<DREAM_ROOT>\outputs\carla_field_baselines_n5_v20\town06_converging_dual_overtake_firetruck_v1_seed001002_57bd7ad37b5d\ideam_true_threat_seed1002_20260717_185615\tick_trace.csv,0.9500000000000001,0.9500000000000001,120,0.05,6.0,28.48007938460576,17.88663850701702,-0.0821917430502026,1.1935367420152914,-0.0821917430502026,0.0,14.673367411401085,-9.002887254722154,1,1,1,61.492594855645635,2.3037377535603447,0.0,0.49688119999999997,0.8702851749999998,1.0517068,2.0,0.7966101694915254,0.7000000000000001,0.0014445499999997816,0.002302134999999161,0.0029228000000003362,0,0.0,0.012267547499999734,0.015687144999999347,0.03194649999999655,0,0.0
1002,57bd7ad37b5dffbb0f0b6c6eca3282401e47bf4c8b260567b19916ccaeeb1149,town06_converging_dual_overtake_firetruck_v1_seed001002_57bd7ad37b5d,ADA,empty_shadow,<DREAM_ROOT>\outputs\carla_field_baselines_n5_v20\town06_converging_dual_overtake_firetruck_v1_seed001002_57bd7ad37b5d\ada_empty_shadow_seed1002_20260717_185539,<DREAM_ROOT>\outputs\carla_field_baselines_n5_v20\town06_converging_dual_overtake_firetruck_v1_seed001002_57bd7ad37b5d\ada_empty_shadow_seed1002_20260717_185539\summary.json,<DREAM_ROOT>\outputs\carla_field_baselines_n5_v20\town06_converging_dual_overtake_firetruck_v1_seed001002_57bd7ad37b5d\ada_empty_shadow_seed1002_20260717_185539\tick_trace.csv,0.9500000000000001,,120,0.05,6.0,30.748865202470643,29.14955664687272,1.174876507733615,1.1940421287913823,,,3.410449271428508,-2.4088176463180844,0,0,0,61.4461140984272,2.3037396609111838,0.0,0.5962604800000001,1.0020970749999998,1.1335702,1.6666666666666667,0.8305084745762712,,0.0012714633333335593,0.0015327250000003899,0.0020424999999981708,0,0.0,0.011533229166666666,0.015366259999998277,0.01757809999999793,0,0.0
1002,57bd7ad37b5dffbb0f0b6c6eca3282401e47bf4c8b260567b19916ccaeeb1149,town06_converging_dual_overtake_firetruck_v1_seed001002_57bd7ad37b5d,ADA,true_threat,<DREAM_ROOT>\outputs\carla_field_baselines_n5_v20\town06_converging_dual_overtake_firetruck_v1_seed001002_57bd7ad37b5d\ada_true_threat_seed1002_20260717_185651,<DREAM_ROOT>\outputs\carla_field_baselines_n5_v20\town06_converging_dual_overtake_firetruck_v1_seed001002_57bd7ad37b5d\ada_true_threat_seed1002_20260717_185651\summary.json,<DREAM_ROOT>\outputs\carla_field_baselines_n5_v20\town06_converging_dual_overtake_firetruck_v1_seed001002_57bd7ad37b5d\ada_true_threat_seed1002_20260717_185651\tick_trace.csv,0.9500000000000001,0.9500000000000001,120,0.05,6.0,28.731328618542843,19.03308205858467,0.2415808537349032,1.1940421287913823,0.2415808537349032,0.6846571938571613,13.526923859716558,-9.709258014606519,0,1,1,61.52969529223485,2.3037396609111838,0.0,0.5276017166666668,0.9292922599999998,1.1462226,2.0,0.7966101694915254,0.7000000000000001,0.0014645349999999743,0.0018661349999995018,0.0025954999999981965,0,0.0,0.012857459999999972,0.016391319999999786,0.019784100000002525,0,0.0
1002,57bd7ad37b5dffbb0f0b6c6eca3282401e47bf4c8b260567b19916ccaeeb1149,town06_converging_dual_overtake_firetruck_v1_seed001002_57bd7ad37b5d,APF,empty_shadow,<DREAM_ROOT>\outputs\carla_field_baselines_n5_v20\town06_converging_dual_overtake_firetruck_v1_seed001002_57bd7ad37b5d\apf_empty_shadow_seed1002_20260717_185436,<DREAM_ROOT>\outputs\carla_field_baselines_n5_v20\town06_converging_dual_overtake_firetruck_v1_seed001002_57bd7ad37b5d\apf_empty_shadow_seed1002_20260717_185436\summary.json,<DREAM_ROOT>\outputs\carla_field_baselines_n5_v20\town06_converging_dual_overtake_firetruck_v1_seed001002_57bd7ad37b5d\apf_empty_shadow_seed1002_20260717_185436\tick_trace.csv,0.9500000000000001,,120,0.05,6.0,30.920287542229744,29.380525246633525,1.1748785333527012,1.1936085589230692,,,3.1794806716677044,-2.351507908514563,0,0,0,61.40688211167671,2.303739660912516,0.0,0.7361604285714284,1.7511826599999991,2.0250253,1.1666666666666667,0.8813559322033898,,0.0012631533333332002,0.001559420000001665,0.002992100000000164,0,0.0,0.011330001666667163,0.014508144999999927,0.021641299999998864,0,0.0
1002,57bd7ad37b5dffbb0f0b6c6eca3282401e47bf4c8b260567b19916ccaeeb1149,town06_converging_dual_overtake_firetruck_v1_seed001002_57bd7ad37b5d,APF,true_threat,<DREAM_ROOT>\outputs\carla_field_baselines_n5_v20\town06_converging_dual_overtake_firetruck_v1_seed001002_57bd7ad37b5d\apf_true_threat_seed1002_20260717_185513,<DREAM_ROOT>\outputs\carla_field_baselines_n5_v20\town06_converging_dual_overtake_firetruck_v1_seed001002_57bd7ad37b5d\apf_true_threat_seed1002_20260717_185513\summary.json,<DREAM_ROOT>\outputs\carla_field_baselines_n5_v20\town06_converging_dual_overtake_firetruck_v1_seed001002_57bd7ad37b5d\apf_true_threat_seed1002_20260717_185513\tick_trace.csv,0.9500000000000001,0.9500000000000001,120,0.05,6.0,30.912480616756632,29.370147534860468,1.0289444213305439,1.1936085589230692,1.0289444213305439,1.0242140932151123,3.189858383440761,-2.351507908514563,0,0,0,61.40869256819761,2.303739660912516,0.0,0.7295039000000001,1.7141285199999994,1.972882,1.1666666666666667,0.8813559322033898,0.8000000000000002,0.0014760250000004878,0.0017755300000015237,0.003998400000000402,0,0.0,0.012728658333333224,0.016511310000000275,0.022763999999998674,0,0.0
1003,64d4027dc9bedc3faa34eb04aedb0151a2117a61cf68b0435eac585d4e3541b4,town06_converging_dual_overtake_firetruck_v1_seed001003_64d4027dc9be,DREAM,empty_shadow,<DREAM_ROOT>\outputs\carla_field_baselines_n5_v20\town06_converging_dual_overtake_firetruck_v1_seed001003_64d4027dc9be\dream_empty_shadow_seed1003_20260717_190107,<DREAM_ROOT>\outputs\carla_field_baselines_n5_v20\town06_converging_dual_overtake_firetruck_v1_seed001003_64d4027dc9be\dream_empty_shadow_seed1003_20260717_190107\summary.json,<DREAM_ROOT>\outputs\carla_field_baselines_n5_v20\town06_converging_dual_overtake_firetruck_v1_seed001003_64d4027dc9be\dream_empty_shadow_seed1003_20260717_190107\tick_trace.csv,1.05,,120,0.05,6.0,30.074884669243023,27.79371200636968,1.2190636091119909,1.2592271401261155,,,5.207997214419542,-2.6422100815899086,0,0,0,54.36478422158936,1.408181640670282,0.0,0.43266225714285717,0.537869405,0.5836166,2.3333333333333335,0.7627118644067796,,0.0014182600000002192,0.0022762399999997733,0.0027596999999985883,0,0.0,0.012050845833333193,0.015166129999998645,0.01793530000000132,0,0.0
1003,64d4027dc9bedc3faa34eb04aedb0151a2117a61cf68b0435eac585d4e3541b4,town06_converging_dual_overtake_firetruck_v1_seed001003_64d4027dc9be,DREAM,true_threat,<DREAM_ROOT>\outputs\carla_field_baselines_n5_v20\town06_converging_dual_overtake_firetruck_v1_seed001003_64d4027dc9be\dream_true_threat_seed1003_20260717_190143,<DREAM_ROOT>\outputs\carla_field_baselines_n5_v20\town06_converging_dual_overtake_firetruck_v1_seed001003_64d4027dc9be\dream_true_threat_seed1003_20260717_190143\summary.json,<DREAM_ROOT>\outputs\carla_field_baselines_n5_v20\town06_converging_dual_overtake_firetruck_v1_seed001003_64d4027dc9be\dream_true_threat_seed1003_20260717_190143\tick_trace.csv,1.05,1.05,120,0.05,6.0,30.112312369296507,27.350707217177757,1.2190636091119909,1.2593838911040518,1.7842434343653077,1.5582985848126998,5.651002003611467,-2.5270648709481236,0,0,0,54.30779359225125,1.4081816406325594,0.0,0.4385824071428571,0.504512845,0.5065452,2.3333333333333335,0.7627118644067796,0.8,0.0014670250000003548,0.0018937849999968387,0.002734400000001358,0,0.0,0.01231836750000023,0.016048190000000417,0.019616499999997927,0,0.0
1003,64d4027dc9bedc3faa34eb04aedb0151a2117a61cf68b0435eac585d4e3541b4,town06_converging_dual_overtake_firetruck_v1_seed001003_64d4027dc9be,IDEAM,empty_shadow,<DREAM_ROOT>\outputs\carla_field_baselines_n5_v20\town06_converging_dual_overtake_firetruck_v1_seed001003_64d4027dc9be\ideam_empty_shadow_seed1003_20260717_185845,<DREAM_ROOT>\outputs\carla_field_baselines_n5_v20\town06_converging_dual_overtake_firetruck_v1_seed001003_64d4027dc9be\ideam_empty_shadow_seed1003_20260717_185845\summary.json,<DREAM_ROOT>\outputs\carla_field_baselines_n5_v20\town06_converging_dual_overtake_firetruck_v1_seed001003_64d4027dc9be\ideam_empty_shadow_seed1003_20260717_185845\tick_trace.csv,1.05,,120,0.05,6.0,31.362484721829983,29.881693387790044,1.2172729199908563,1.2557128476237833,,,3.1200158329991794,-2.275645933568242,0,0,0,54.072647992338474,1.4081816405424163,0.0,0.6433709299999999,1.3066870299999989,1.7652292,1.6666666666666667,0.8333333333333334,,0.001309218333333225,0.001671830000000618,0.003239300000000611,0,0.0,0.011269818333333426,0.015705709999999404,0.021230100000000363,0,0.0
1003,64d4027dc9bedc3faa34eb04aedb0151a2117a61cf68b0435eac585d4e3541b4,town06_converging_dual_overtake_firetruck_v1_seed001003_64d4027dc9be,IDEAM,true_threat,<DREAM_ROOT>\outputs\carla_field_baselines_n5_v20\town06_converging_dual_overtake_firetruck_v1_seed001003_64d4027dc9be\ideam_true_threat_seed1003_20260717_190005,<DREAM_ROOT>\outputs\carla_field_baselines_n5_v20\town06_converging_dual_overtake_firetruck_v1_seed001003_64d4027dc9be\ideam_true_threat_seed1003_20260717_190005\summary.json,<DREAM_ROOT>\outputs\carla_field_baselines_n5_v20\town06_converging_dual_overtake_firetruck_v1_seed001003_64d4027dc9be\ideam_true_threat_seed1003_20260717_190005\tick_trace.csv,1.05,1.05,120,0.05,6.0,30.024198858931864,26.164831739302443,0.4291566206130329,1.2557128476237833,0.4291566206130329,0.47180833864441896,6.8368774814867805,-7.381957999087518,0,1,1,54.2018722197407,1.4081816405503567,0.0,0.4865869153846154,0.8973785999999995,1.0726968,2.1666666666666665,0.7796610169491526,0.9000000000000001,0.001446681666666431,0.0019392450000005111,0.0027034999999990816,0,0.0,0.012391150833333538,0.01641952999999834,0.024237200000001735,0,0.0
1003,64d4027dc9bedc3faa34eb04aedb0151a2117a61cf68b0435eac585d4e3541b4,town06_converging_dual_overtake_firetruck_v1_seed001003_64d4027dc9be,ADA,empty_shadow,<DREAM_ROOT>\outputs\carla_field_baselines_n5_v20\town06_converging_dual_overtake_firetruck_v1_seed001003_64d4027dc9be\ada_empty_shadow_seed1003_20260717_185911,<DREAM_ROOT>\outputs\carla_field_baselines_n5_v20\town06_converging_dual_overtake_firetruck_v1_seed001003_64d4027dc9be\ada_empty_shadow_seed1003_20260717_185911\summary.json,<DREAM_ROOT>\outputs\carla_field_baselines_n5_v20\town06_converging_dual_overtake_firetruck_v1_seed001003_64d4027dc9be\ada_empty_shadow_seed1003_20260717_185911\tick_trace.csv,1.05,,120,0.05,6.0,31.10135229682835,29.446324906418276,1.2190151417621167,1.2590724176689045,,,3.555384314370947,-2.5266435564304146,0,0,0,54.19999432981464,1.4081816406325594,0.0,0.6020627999999999,0.9813974149999997,1.1082845,1.6666666666666667,0.8305084745762712,,0.0013599999999999687,0.0019639149999990824,0.0033002000000017517,0,0.0,0.01153821583333346,0.014536354999998835,0.016726000000002017,0,0.0
1003,64d4027dc9bedc3faa34eb04aedb0151a2117a61cf68b0435eac585d4e3541b4,town06_converging_dual_overtake_firetruck_v1_seed001003_64d4027dc9be,ADA,true_threat,<DREAM_ROOT>\outputs\carla_field_baselines_n5_v20\town06_converging_dual_overtake_firetruck_v1_seed001003_64d4027dc9be\ada_true_threat_seed1003_20260717_185819,<DREAM_ROOT>\outputs\carla_field_baselines_n5_v20\town06_converging_dual_overtake_firetruck_v1_seed001003_64d4027dc9be\ada_true_threat_seed1003_20260717_185819\summary.json,<DREAM_ROOT>\outputs\carla_field_baselines_n5_v20\town06_converging_dual_overtake_firetruck_v1_seed001003_64d4027dc9be\ada_true_threat_seed1003_20260717_185819\tick_trace.csv,1.05,1.05,120,0.05,6.0,30.262063618930622,27.84136114808853,0.7013576162958781,1.2602521802898836,0.7013576162958781,0.8704619782992584,5.1603480727006925,-5.220592252279559,0,1,1,54.318509080944004,1.4081816406591656,0.0,0.5495479636363636,0.9951904,1.0911874,1.8333333333333333,0.8135593220338984,0.9000000000000001,0.0014247816666667745,0.0017770649999986781,0.002569699999998676,0,0.0,0.012878047499999894,0.01602700499999905,0.018400700000000825,0,0.0
1003,64d4027dc9bedc3faa34eb04aedb0151a2117a61cf68b0435eac585d4e3541b4,town06_converging_dual_overtake_firetruck_v1_seed001003_64d4027dc9be,APF,empty_shadow,<DREAM_ROOT>\outputs\carla_field_baselines_n5_v20\town06_converging_dual_overtake_firetruck_v1_seed001003_64d4027dc9be\apf_empty_shadow_seed1003_20260717_185937,<DREAM_ROOT>\outputs\carla_field_baselines_n5_v20\town06_converging_dual_overtake_firetruck_v1_seed001003_64d4027dc9be\apf_empty_shadow_seed1003_20260717_185937\summary.json,<DREAM_ROOT>\outputs\carla_field_baselines_n5_v20\town06_converging_dual_overtake_firetruck_v1_seed001003_64d4027dc9be\apf_empty_shadow_seed1003_20260717_185937\tick_trace.csv,1.05,,120,0.05,6.0,31.226862485892376,29.613241299531506,1.2189329441399348,1.2590061307802796,,,3.3884679212577176,-2.4742063385026825,0,0,0,54.15422397425246,1.4081816406349397,0.0,0.7538084875,1.626217015,1.7474707,1.3333333333333333,0.864406779661017,,0.0012943449999999856,0.0019609300000025696,0.0020206999999992092,0,0.0,0.011869260833333535,0.014709865000002154,0.017761000000000138,0,0.0
1003,64d4027dc9bedc3faa34eb04aedb0151a2117a61cf68b0435eac585d4e3541b4,town06_converging_dual_overtake_firetruck_v1_seed001003_64d4027dc9be,APF,true_threat,<DREAM_ROOT>\outputs\carla_field_baselines_n5_v20\town06_converging_dual_overtake_firetruck_v1_seed001003_64d4027dc9be\apf_true_threat_seed1003_20260717_190031,<DREAM_ROOT>\outputs\carla_field_baselines_n5_v20\town06_converging_dual_overtake_firetruck_v1_seed001003_64d4027dc9be\apf_true_threat_seed1003_20260717_190031\summary.json,<DREAM_ROOT>\outputs\carla_field_baselines_n5_v20\town06_converging_dual_overtake_firetruck_v1_seed001003_64d4027dc9be\apf_true_threat_seed1003_20260717_190031\tick_trace.csv,1.05,1.05,120,0.05,6.0,30.269844393641378,26.555955697289914,0.6588171127664525,1.2590061307802796,0.6588171127664525,0.9238463044788929,6.4457535234993095,-7.2986819737891295,0,1,1,54.198259129340876,1.4081816406349397,0.0,0.60560426,1.334862904999999,1.78682,1.6666666666666667,0.8305084745762712,0.7000000000000002,0.0015287833333339643,0.0021821350000031698,0.0032426000000000954,0,0.0,0.01290582416666665,0.01651747000000334,0.020661599999996838,0,0.0
1004,6d07bc9a0c61e4816a417e64f24997dc7ceaa6217cfcc01e13fcfdd1ddf80c18,town06_converging_dual_overtake_firetruck_v1_seed001004_6d07bc9a0c61,DREAM,empty_shadow,<DREAM_ROOT>\outputs\carla_field_baselines_n5_v20\town06_converging_dual_overtake_firetruck_v1_seed001004_6d07bc9a0c61\dream_empty_shadow_seed1004_20260717_190219,<DREAM_ROOT>\outputs\carla_field_baselines_n5_v20\town06_converging_dual_overtake_firetruck_v1_seed001004_6d07bc9a0c61\dream_empty_shadow_seed1004_20260717_190219\summary.json,<DREAM_ROOT>\outputs\carla_field_baselines_n5_v20\town06_converging_dual_overtake_firetruck_v1_seed001004_6d07bc9a0c61\dream_empty_shadow_seed1004_20260717_190219\tick_trace.csv,0.9,,120,0.05,6.0,30.523560735171934,28.17539955820175,1.14768123468922,1.1528348732701552,,,5.16499213201833,-2.511677255134046,0,0,0,52.83444362383542,1.602649782807088,1.0,0.41960348000000003,0.50280319,0.5031534,2.5,0.75,,0.0013056549999996391,0.0016344550000036758,0.0024965999999935207,0,0.0,0.011625400833333514,0.01464235500000619,0.01752559999999903,0,0.0
1004,6d07bc9a0c61e4816a417e64f24997dc7ceaa6217cfcc01e13fcfdd1ddf80c18,town06_converging_dual_overtake_firetruck_v1_seed001004_6d07bc9a0c61,DREAM,true_threat,<DREAM_ROOT>\outputs\carla_field_baselines_n5_v20\town06_converging_dual_overtake_firetruck_v1_seed001004_6d07bc9a0c61\dream_true_threat_seed1004_20260717_190255,<DREAM_ROOT>\outputs\carla_field_baselines_n5_v20\town06_converging_dual_overtake_firetruck_v1_seed001004_6d07bc9a0c61\dream_true_threat_seed1004_20260717_190255\summary.json,<DREAM_ROOT>\outputs\carla_field_baselines_n5_v20\town06_converging_dual_overtake_firetruck_v1_seed001004_6d07bc9a0c61\dream_true_threat_seed1004_20260717_190255\tick_trace.csv,0.9,0.9,120,0.05,6.0,30.3525738882581,27.71407958290319,1.14768123468922,1.1528348732701552,1.6622963635171706,1.3073262143407431,5.626312107316892,-2.6250806931806636,0,0,0,52.88756724356124,1.6023865689054624,1.0,0.44373702857142855,0.52063426,0.5210825,2.3333333333333335,0.7627118644067796,1.0500000000000003,0.0015781550000000995,0.002440874999999387,0.002989499999998202,0,0.0,0.013121210833333367,0.017169874999999734,0.020094700000001353,0,0.0
1004,6d07bc9a0c61e4816a417e64f24997dc7ceaa6217cfcc01e13fcfdd1ddf80c18,town06_converging_dual_overtake_firetruck_v1_seed001004_6d07bc9a0c61,IDEAM,empty_shadow,<DREAM_ROOT>\outputs\carla_field_baselines_n5_v20\town06_converging_dual_overtake_firetruck_v1_seed001004_6d07bc9a0c61\ideam_empty_shadow_seed1004_20260717_190320,<DREAM_ROOT>\outputs\carla_field_baselines_n5_v20\town06_converging_dual_overtake_firetruck_v1_seed001004_6d07bc9a0c61\ideam_empty_shadow_seed1004_20260717_190320\summary.json,<DREAM_ROOT>\outputs\carla_field_baselines_n5_v20\town06_converging_dual_overtake_firetruck_v1_seed001004_6d07bc9a0c61\ideam_empty_shadow_seed1004_20260717_190320\tick_trace.csv,0.9,,120,0.05,6.0,31.596436809866713,30.207682109166655,1.1464089738396388,1.152650163607952,,,3.132709580143427,-2.287875633819283,0,0,0,52.700362188734125,1.6047058208465934,1.0,0.5805218000000001,0.8938088499999999,1.0652384,1.8333333333333333,0.8166666666666667,,0.0012235016666670262,0.0014699900000003652,0.0018391999999991526,0,0.0,0.011021481666666826,0.014614044999998299,0.017487400000000264,0,0.0
1004,6d07bc9a0c61e4816a417e64f24997dc7ceaa6217cfcc01e13fcfdd1ddf80c18,town06_converging_dual_overtake_firetruck_v1_seed001004_6d07bc9a0c61,IDEAM,true_threat,<DREAM_ROOT>\outputs\carla_field_baselines_n5_v20\town06_converging_dual_overtake_firetruck_v1_seed001004_6d07bc9a0c61\ideam_true_threat_seed1004_20260717_190423,<DREAM_ROOT>\outputs\carla_field_baselines_n5_v20\town06_converging_dual_overtake_firetruck_v1_seed001004_6d07bc9a0c61\ideam_true_threat_seed1004_20260717_190423\summary.json,<DREAM_ROOT>\outputs\carla_field_baselines_n5_v20\town06_converging_dual_overtake_firetruck_v1_seed001004_6d07bc9a0c61\ideam_true_threat_seed1004_20260717_190423\tick_trace.csv,0.9,0.9,120,0.05,6.0,28.923174239728514,14.722567095304104,-0.7724732169360493,1.152650163607952,-0.7724732169360493,0.0,18.617824594005977,-68.65608324363798,1,1,1,52.83529400507202,1.6047058208465934,1.0,0.4843441583333333,0.8563315849999997,1.0608487,2.0,0.7966101694915254,0.5500000000000002,0.001470208333332875,0.0020327149999943115,0.003393099999996707,0,0.0,0.012407732500000091,0.016831035000001646,0.021254300000002502,0,0.0
1004,6d07bc9a0c61e4816a417e64f24997dc7ceaa6217cfcc01e13fcfdd1ddf80c18,town06_converging_dual_overtake_firetruck_v1_seed001004_6d07bc9a0c61,ADA,empty_shadow,<DREAM_ROOT>\outputs\carla_field_baselines_n5_v20\town06_converging_dual_overtake_firetruck_v1_seed001004_6d07bc9a0c61\ada_empty_shadow_seed1004_20260717_190459,<DREAM_ROOT>\outputs\carla_field_baselines_n5_v20\town06_converging_dual_overtake_firetruck_v1_seed001004_6d07bc9a0c61\ada_empty_shadow_seed1004_20260717_190459\summary.json,<DREAM_ROOT>\outputs\carla_field_baselines_n5_v20\town06_converging_dual_overtake_firetruck_v1_seed001004_6d07bc9a0c61\ada_empty_shadow_seed1004_20260717_190459\tick_trace.csv,0.9,,120,0.05,6.0,31.445070957349966,29.792696612221295,1.1476704892900722,1.1528787455512104,,,3.547695077088786,-2.511033306689825,0,0,0,52.777901097275425,1.6047058208465934,1.0,0.7645890499999999,1.7715844399999994,2.1435811,1.3333333333333333,0.864406779661017,,0.0013654833333333726,0.001855724999999174,0.003303200000001283,0,0.0,0.011442360833333432,0.01585796499999752,0.026471600000000706,0,0.0
1004,6d07bc9a0c61e4816a417e64f24997dc7ceaa6217cfcc01e13fcfdd1ddf80c18,town06_converging_dual_overtake_firetruck_v1_seed001004_6d07bc9a0c61,ADA,true_threat,<DREAM_ROOT>\outputs\carla_field_baselines_n5_v20\town06_converging_dual_overtake_firetruck_v1_seed001004_6d07bc9a0c61\ada_true_threat_seed1004_20260717_190613,<DREAM_ROOT>\outputs\carla_field_baselines_n5_v20\town06_converging_dual_overtake_firetruck_v1_seed001004_6d07bc9a0c61\ada_true_threat_seed1004_20260717_190613\summary.json,<DREAM_ROOT>\outputs\carla_field_baselines_n5_v20\town06_converging_dual_overtake_firetruck_v1_seed001004_6d07bc9a0c61\ada_true_threat_seed1004_20260717_190613\tick_trace.csv,0.9,0.9,120,0.05,6.0,29.906905311995736,24.963688079438516,0.6996018252188386,1.1528787455512104,0.6996018252188386,0.8615412543830738,8.376703609871566,-7.373569643319726,0,1,1,52.8554999948663,1.6047058208465934,1.0,0.5484441545454545,0.9457040999999999,1.107353,1.8333333333333333,0.8135593220338984,0.9500000000000001,0.0014787833333333702,0.0017896499999993758,0.0031359000000001913,0,0.0,0.012412499166666773,0.01572583499999869,0.019350300000002818,0,0.0
1004,6d07bc9a0c61e4816a417e64f24997dc7ceaa6217cfcc01e13fcfdd1ddf80c18,town06_converging_dual_overtake_firetruck_v1_seed001004_6d07bc9a0c61,APF,empty_shadow,<DREAM_ROOT>\outputs\carla_field_baselines_n5_v20\town06_converging_dual_overtake_firetruck_v1_seed001004_6d07bc9a0c61\apf_empty_shadow_seed1004_20260717_190537,<DREAM_ROOT>\outputs\carla_field_baselines_n5_v20\town06_converging_dual_overtake_firetruck_v1_seed001004_6d07bc9a0c61\apf_empty_shadow_seed1004_20260717_190537\summary.json,<DREAM_ROOT>\outputs\carla_field_baselines_n5_v20\town06_converging_dual_overtake_firetruck_v1_seed001004_6d07bc9a0c61\apf_empty_shadow_seed1004_20260717_190537\tick_trace.csv,0.9,,120,0.05,6.0,31.40886802463821,29.918931099807672,1.1476474153955094,1.1528194585287184,,,3.4214605895024093,-2.4582350732927694,0,0,0,52.75073375909758,1.6047058208465934,1.0,0.7087027375,1.3529541599999995,1.6648323,1.3333333333333333,0.864406779661017,,0.0013387149999994463,0.002287059999997609,0.0025410000000007926,0,0.0,0.011361750833333477,0.014858999999998445,0.015887700000000393,0,0.0
1004,6d07bc9a0c61e4816a417e64f24997dc7ceaa6217cfcc01e13fcfdd1ddf80c18,town06_converging_dual_overtake_firetruck_v1_seed001004_6d07bc9a0c61,APF,true_threat,<DREAM_ROOT>\outputs\carla_field_baselines_n5_v20\town06_converging_dual_overtake_firetruck_v1_seed001004_6d07bc9a0c61\apf_true_threat_seed1004_20260717_190347,<DREAM_ROOT>\outputs\carla_field_baselines_n5_v20\town06_converging_dual_overtake_firetruck_v1_seed001004_6d07bc9a0c61\apf_true_threat_seed1004_20260717_190347\summary.json,<DREAM_ROOT>\outputs\carla_field_baselines_n5_v20\town06_converging_dual_overtake_firetruck_v1_seed001004_6d07bc9a0c61\apf_true_threat_seed1004_20260717_190347\tick_trace.csv,0.9,0.9,120,0.05,6.0,30.6143754433,27.95141164956089,1.1476474153955094,1.1528194585287184,1.165710295180209,0.9631039369671884,5.3889800397491925,-5.9648756828615035,0,1,1,52.82884334411134,1.6047058208465934,1.0,0.5710305181818182,1.2566502,1.6373293,1.8333333333333333,0.8166666666666667,3.0500000000000003,0.0014006283333337422,0.0015794450000012003,0.0019342000000008852,0,0.0,0.012288568333333435,0.016896349999997718,0.01837979999999817,0,0.0
1005,c1df7bf640026aadbf78a8bbede5333689d9e59654c058fdf44aac5d3ab63fd6,town06_converging_dual_overtake_firetruck_v1_seed001005_c1df7bf64002,DREAM,empty_shadow,<DREAM_ROOT>\outputs\carla_field_baselines_n5_v20\town06_converging_dual_overtake_firetruck_v1_seed001005_c1df7bf64002\dream_empty_shadow_seed1005_20260717_191021,<DREAM_ROOT>\outputs\carla_field_baselines_n5_v20\town06_converging_dual_overtake_firetruck_v1_seed001005_c1df7bf64002\dream_empty_shadow_seed1005_20260717_191021\summary.json,<DREAM_ROOT>\outputs\carla_field_baselines_n5_v20\town06_converging_dual_overtake_firetruck_v1_seed001005_c1df7bf64002\dream_empty_shadow_seed1005_20260717_191021\tick_trace.csv,1.05,,120,0.05,6.0,29.914625100233245,27.488459960897448,1.2080771187704338,1.2421532273740428,,,5.242207810368317,-2.530256494550187,0,0,0,69.09638946225272,2.206854026368301,0.0,0.41804431999999997,0.50757858,0.512633,2.5,0.75,,0.001388966666666865,0.0020581900000014026,0.002536100000000374,0,0.0,0.011580018333333353,0.015255915000001074,0.017875399999997654,0,0.0
1005,c1df7bf640026aadbf78a8bbede5333689d9e59654c058fdf44aac5d3ab63fd6,town06_converging_dual_overtake_firetruck_v1_seed001005_c1df7bf64002,DREAM,true_threat,<DREAM_ROOT>\outputs\carla_field_baselines_n5_v20\town06_converging_dual_overtake_firetruck_v1_seed001005_c1df7bf64002\dream_true_threat_seed1005_20260717_190843,<DREAM_ROOT>\outputs\carla_field_baselines_n5_v20\town06_converging_dual_overtake_firetruck_v1_seed001005_c1df7bf64002\dream_true_threat_seed1005_20260717_190843\summary.json,<DREAM_ROOT>\outputs\carla_field_baselines_n5_v20\town06_converging_dual_overtake_firetruck_v1_seed001005_c1df7bf64002\dream_true_threat_seed1005_20260717_190843\tick_trace.csv,1.05,1.05,120,0.05,6.0,29.59970368738178,26.059807931732358,0.9729061395176303,1.2421532273740428,0.9729061395176303,0.9592320542019217,6.670859839533406,-7.310486337862443,0,1,1,69.12013814618555,2.206854026368301,0.0,0.4469331785714285,0.5300852899999999,0.5360961,2.3333333333333335,0.7627118644067796,0.8,0.0014790850000000095,0.001966480000000458,0.0034200000000055297,0,0.0,0.013056694166666697,0.01671807999999899,0.01881209999999811,0,0.0
1005,c1df7bf640026aadbf78a8bbede5333689d9e59654c058fdf44aac5d3ab63fd6,town06_converging_dual_overtake_firetruck_v1_seed001005_c1df7bf64002,IDEAM,empty_shadow,<DREAM_ROOT>\outputs\carla_field_baselines_n5_v20\town06_converging_dual_overtake_firetruck_v1_seed001005_c1df7bf64002\ideam_empty_shadow_seed1005_20260717_190731,<DREAM_ROOT>\outputs\carla_field_baselines_n5_v20\town06_converging_dual_overtake_firetruck_v1_seed001005_c1df7bf64002\ideam_empty_shadow_seed1005_20260717_190731\summary.json,<DREAM_ROOT>\outputs\carla_field_baselines_n5_v20\town06_converging_dual_overtake_firetruck_v1_seed001005_c1df7bf64002\ideam_empty_shadow_seed1005_20260717_190731\tick_trace.csv,1.05,,120,0.05,6.0,31.273283062563955,29.754950079070426,1.2061646227638412,1.2369467847091948,,,2.975717691698037,-2.2435142066482427,0,0,0,68.80897308333752,2.206854026368301,0.0,0.5293338833333334,0.8896188549999998,1.0705446,2.0,0.7966101694915254,,0.001362963333333352,0.002137105000001327,0.0031036000000028707,0,0.0,0.011810807499999824,0.01494825499999841,0.019202899999996248,0,0.0
1005,c1df7bf640026aadbf78a8bbede5333689d9e59654c058fdf44aac5d3ab63fd6,town06_converging_dual_overtake_firetruck_v1_seed001005_c1df7bf64002,IDEAM,true_threat,<DREAM_ROOT>\outputs\carla_field_baselines_n5_v20\town06_converging_dual_overtake_firetruck_v1_seed001005_c1df7bf64002\ideam_true_threat_seed1005_20260717_190945,<DREAM_ROOT>\outputs\carla_field_baselines_n5_v20\town06_converging_dual_overtake_firetruck_v1_seed001005_c1df7bf64002\ideam_true_threat_seed1005_20260717_190945\summary.json,<DREAM_ROOT>\outputs\carla_field_baselines_n5_v20\town06_converging_dual_overtake_firetruck_v1_seed001005_c1df7bf64002\ideam_true_threat_seed1005_20260717_190945\tick_trace.csv,1.05,1.05,120,0.05,6.0,28.988752948127793,19.29014540961719,-0.08641892894939929,1.2369467847091948,-0.08641892894939929,0.0,13.440522361151274,-9.414536069793229,1,1,1,68.95931574736842,2.206854026368301,0.0,0.5511866999999999,1.0368954000000001,1.0581775,1.8333333333333333,0.8135593220338984,0.9000000000000001,0.0014592216666665437,0.002046204999999723,0.003914000000001749,0,0.0,0.012420720833333803,0.016022319999997058,0.018191400000002744,0,0.0
1005,c1df7bf640026aadbf78a8bbede5333689d9e59654c058fdf44aac5d3ab63fd6,town06_converging_dual_overtake_firetruck_v1_seed001005_c1df7bf64002,ADA,empty_shadow,<DREAM_ROOT>\outputs\carla_field_baselines_n5_v20\town06_converging_dual_overtake_firetruck_v1_seed001005_c1df7bf64002\ada_empty_shadow_seed1005_20260717_190704,<DREAM_ROOT>\outputs\carla_field_baselines_n5_v20\town06_converging_dual_overtake_firetruck_v1_seed001005_c1df7bf64002\ada_empty_shadow_seed1005_20260717_190704\summary.json,<DREAM_ROOT>\outputs\carla_field_baselines_n5_v20\town06_converging_dual_overtake_firetruck_v1_seed001005_c1df7bf64002\ada_empty_shadow_seed1005_20260717_190704\tick_trace.csv,1.05,,120,0.05,6.0,30.773612306468536,29.183443617862615,1.2080106945802322,1.2419180344871743,,,3.547224152905848,-2.527588433172099,0,0,0,68.98438794575162,2.206854026368301,0.0,0.60239453,0.9922382299999997,1.1120537,1.6666666666666667,0.8305084745762712,,0.0013432566666664294,0.0019367749999995348,0.0024879999999996016,0,0.0,0.011307889166666415,0.014757474999998443,0.017730799999998936,0,0.0
1005,c1df7bf640026aadbf78a8bbede5333689d9e59654c058fdf44aac5d3ab63fd6,town06_converging_dual_overtake_firetruck_v1_seed001005_c1df7bf64002,ADA,true_threat,<DREAM_ROOT>\outputs\carla_field_baselines_n5_v20\town06_converging_dual_overtake_firetruck_v1_seed001005_c1df7bf64002\ada_true_threat_seed1005_20260717_190638,<DREAM_ROOT>\outputs\carla_field_baselines_n5_v20\town06_converging_dual_overtake_firetruck_v1_seed001005_c1df7bf64002\ada_true_threat_seed1005_20260717_190638\summary.json,<DREAM_ROOT>\outputs\carla_field_baselines_n5_v20\town06_converging_dual_overtake_firetruck_v1_seed001005_c1df7bf64002\ada_true_threat_seed1005_20260717_190638\tick_trace.csv,1.05,1.05,120,0.05,6.0,28.860031223265196,19.281767091059265,0.2099448342252799,1.2419180344871743,0.2099448342252799,0.6446330186383896,13.448900679709197,-9.361121775400036,0,1,1,69.10101792817481,2.206854026368301,0.0,0.518569625,0.9364654349999997,1.1471805,2.0,0.7966101694915254,0.8,0.0014111999999999606,0.0016250000000013634,0.002044399999999058,0,0.0,0.011954824166666917,0.01636684000000219,0.02011010000000013,0,0.0
1005,c1df7bf640026aadbf78a8bbede5333689d9e59654c058fdf44aac5d3ab63fd6,town06_converging_dual_overtake_firetruck_v1_seed001005_c1df7bf64002,APF,empty_shadow,<DREAM_ROOT>\outputs\carla_field_baselines_n5_v20\town06_converging_dual_overtake_firetruck_v1_seed001005_c1df7bf64002\apf_empty_shadow_seed1005_20260717_190919,<DREAM_ROOT>\outputs\carla_field_baselines_n5_v20\town06_converging_dual_overtake_firetruck_v1_seed001005_c1df7bf64002\apf_empty_shadow_seed1005_20260717_190919\summary.json,<DREAM_ROOT>\outputs\carla_field_baselines_n5_v20\town06_converging_dual_overtake_firetruck_v1_seed001005_c1df7bf64002\apf_empty_shadow_seed1005_20260717_190919\tick_trace.csv,1.05,,120,0.05,6.0,30.82863985404947,29.50518751761309,1.2079234811845818,1.2418603950466893,,,3.2254802531553715,-2.4562373213840516,0,0,0,68.88879028809409,2.206854026368301,0.0,0.6720440333333334,1.3987658999999997,1.7577573,1.5,0.847457627118644,,0.0012688650000002373,0.001617729999998118,0.00236110000000167,0,0.0,0.011762391666666499,0.014888019999999356,0.017560500000001866,0,0.0
1005,c1df7bf640026aadbf78a8bbede5333689d9e59654c058fdf44aac5d3ab63fd6,town06_converging_dual_overtake_firetruck_v1_seed001005_c1df7bf64002,APF,true_threat,<DREAM_ROOT>\outputs\carla_field_baselines_n5_v20\town06_converging_dual_overtake_firetruck_v1_seed001005_c1df7bf64002\apf_true_threat_seed1005_20260717_190807,<DREAM_ROOT>\outputs\carla_field_baselines_n5_v20\town06_converging_dual_overtake_firetruck_v1_seed001005_c1df7bf64002\apf_true_threat_seed1005_20260717_190807\summary.json,<DREAM_ROOT>\outputs\carla_field_baselines_n5_v20\town06_converging_dual_overtake_firetruck_v1_seed001005_c1df7bf64002\apf_true_threat_seed1005_20260717_190807\tick_trace.csv,1.05,1.05,120,0.05,6.0,29.989187500327155,26.68656237809229,0.9956103399098356,1.2418603950466893,0.9956103399098356,0.9391354010000864,6.0441053926761725,-7.364134552920092,0,1,1,68.97553536100048,2.206854026368301,0.0,0.5662364000000001,1.24135115,1.7233243,1.8333333333333333,0.8135593220338984,0.7000000000000002,0.0015448433333337046,0.0026266350000000204,0.003350700000002149,0,0.0,0.012434853333333724,0.016563940000001588,0.019129100000000676,0,0.0
